#key	synopsis
A.E. (USA) (Proto 2) (1984-01-04)	Un port del classico gioco per computer, AE (che sta per Anti Environmental) è un prototipo 5200 molto insolito. Non è mai stato annunciato da Atari né è stato menzionato in alcun documento interno. AE è un gioco sparatutto in stile arcade in cui devi abbattere ondate di razze meccaniche volanti malvagie per salvare il tuo pianeta. La versione Atari 5200 ha solo quattro livelli rispetto ai dieci che vantano le versioni per computer. Anche i tempi di caricamento dei livelli sono più lunghi a causa dei vincoli hardware dell'Atari 5200.
Activision Decathlon, The (USA)	Come suggerisce il nome, giochi come decatleta durante i suoi 10 eventi (100 metri, salto in lungo, lancio del peso, salto in alto, 400 metri, 110 metri ostacoli, lancio del disco, salto con l'asta, lancio del giavellotto e 1500 metri). Il gioco è un port del titolo Atari 2600. È giocabile fino a quattro giocatori. il gameplay è un classico dell'epoca: scuoti il ​​joystick da destra a sinistra per aumentare la velocità e il pulsante di fuoco per saltare o lanciare.
Asteroids (USA) (Proto) (Final)	Intrappolata nello spazio da qualche parte tra i pianeti Ortanus e la Terra, la tua nave viene improvvisamente circondata da un campo di enormi asteroidi. E, come se non fosse abbastanza eccitazione per un giorno, un gruppo di dischi alieni organizza un attacco a sorpresa. Prendi rapidamente il controllo per salvare la tua nave da un destino imminente. Devi allontanarti dal percorso degli asteroidi in arrivo. Metti degli scudi per proteggere la nave. Iperspazio nel nulla. Capovolgi e fai attaccare gli asteroidi da dietro. È tutto nelle tue mani ora. Buona fortuna!
Astro Chase (USA)	Nei panni di un pilota di un'astronave, il tuo compito è salvare il pianeta Terra! Otto mega mine stanno lentamente arrivando e devi distruggerle tutte prima che raggiungano la Terra. A cercare di fermarti ci sono una varietà di dischi volanti che ti inseguiranno costantemente per il pianeta. La tua nave è dotata di laser che possono essere usati per distruggere i piattini nemici e le mega mine. In tutto lo spazio intorno alla Terra ci sono otto depositi di scudi; se voli attraverso uno di questi, diventerai temporaneamente invincibile. La tua astronave ha anche una scorta di energia limitata; se si esaurisce l'energia, è possibile rifornirla presso uno dei generatori situati ai quattro angoli dell'area di gioco. Quando tutte le mega mine saranno state distrutte, passerai all'inseguimento successivo, più veloce!
Astrogrover (USA) (Proto)	Astro-Grover è un gioco educativo per un giocatore basato sul franchise di Sesame Street. Fornisce un ambiente giocoso in cui i bambini si esercitano a contare, aggiungere e sottrarre. Il gioco aiuta i bambini a lavorare con i numeri in cinque modi diversi (Quanti zip?, Beam That Number, Adding Countdown, Take it Away Zips!, Sum Up Sum Down) - assistito da Grover e dagli Zip del pianeta Zap.
Ballblazer (USA)	Nell'anno 3037, lo sport più competitivo nell'universo conosciuto è Ballblazer. Per la prima volta in assoluto, gli umani del pianeta Terra hanno vinto il diritto di competere nel round finale del campionato Ballblazer, per combattere per l'onore della Terra e il titolo di Masterblazer! Ballblazer è un gioco futuristico in 3D simile al calcio, in cui il giocatore (all'interno di un Rotofoil) è ambientato su un campo da gioco uno contro uno di 1.155 quadrati (la Griglia). L'obiettivo del giocatore è quello di calciare una palla fluttuante (Plasmorb) all'interno della porta avversaria (Goalbeams). Un giocatore può competere contro un avversario umano o informatico.
Barroom Baseball (USA) (Proto 2) (1983-11-21)	Barroom Baseball era un prototipo di gioco codificato da Atari nel 1983 per essere utilizzato all'interno di macchine arcade Atari 5200, ma non è mai stato rilasciato. Il gioco stesso è essenzialmente RealSports Baseball modificato per rimuovere alcune delle opzioni di gioco. Doveva anche essere un gioco a tempo, che richiedeva monete o gettoni aggiuntivi per continuare con il gioco. Come con RealSports Baseball, Barroom Baseball include rubate, nove diversi tipi di campo, giochi mordi e fuggi, discorso sintetizzato, un tabellone segnapunti dettagliato, tag-up, percorsi di base color sporco, la possibilità di controllare la velocità dei lanci e oscillazioni di il pipistrello e altri simili campane, fischietti e necessità
Battlezone (USA) (Proto 2)	Una conversione del gioco arcade Battlezone per Atari 5200. Come nel gioco arcade, guidi un carro armato e spari ai carri armati nemici mentre cerchi di evitare il loro fuoco in un ambiente 3D. Sfortunatamente non è mai stato rilasciato ed esiste solo in forma di prototipo. Il prototipo sembra quasi finito ma il rilevamento dei colpi a volte sembra spento e non perfezionato. Sostituisce anche parte della grafica vettoriale della sala giochi con raster probabilmente a causa delle limitazioni dell'Atari 5200. Puoi anche giocarci con due joystick che si dice aiutino a controllare il gioco rispetto al singolo se ti ci abitui.
Beamrider (USA)	Beamrider è un gioco d'azione arcade 3D. Controlli un'astronave a bordo di un raggio in missione per ripulire 99 settori di spazio da alieni ostili. L'astronave si trova nella parte inferiore dello schermo e può fermarsi solo su uno dei cinque raggi. Sei armato sia di laser che di siluri; i siluri sono più potenti e possono distruggere più nemici rispetto ai laser, tuttavia ne ottieni solo tre per livello. Per completare un settore, devi distruggere quindici dischi volanti bianchi. Dopo che tutti i piattini sono stati distrutti, passa la sentinella del settore che può essere distrutta per punti extra. Ogni settore di numero pari fino al settore 16 aggiungerà un nuovo tipo di nemico da affrontare.
BerZerk (USA)	Sei stato mandato in un edificio infestato da robot e devi fare del tuo meglio per ripulirlo. Ogni stanza ha una serie di pareti nel mezzo, che limitano i tuoi movimenti. Ci saranno un certo numero di cattivi nella stanza: nelle prime schermate potrebbero essere immobili e non spararti, ma dopo alcuni livelli diventano in grado di sparare in più direzioni.
Black Belt (USA) (Proto 3)	Questo gioco inedito e incompiuto è simile al famoso gioco di Broderbund, Karateka. Seleziona il tuo livello di cintura nera (livello di difficoltà) e fatti strada attraverso otto stanze. La tastiera viene utilizzata per eseguire una varietà di mosse di karate, anche se il gioco non ha il rilevamento delle collisioni, quindi non puoi davvero combattere i tuoi nemici. Anche se il gioco sembra promettente, non puoi andare oltre le otto stanze perché non puoi sconfiggere i tuoi nemici.
Blaster (USA) (Proto)	Questo gioco inedito e incompiuto è simile al famoso gioco di Broderbund, Karateka. Seleziona il tuo livello di cintura nera (livello di difficoltà) e fatti strada attraverso otto stanze. La tastiera viene utilizzata per eseguire una varietà di mosse di karate, anche se il gioco non ha il rilevamento delle collisioni, quindi non puoi davvero combattere i tuoi nemici. Anche se il gioco sembra promettente, non puoi andare oltre le otto stanze perché non puoi sconfiggere i tuoi nemici.
Blue Print (USA)	La tua ragazza Daisy è nei guai! Ollie Org la sta inseguendo attraverso la parte superiore dello schermo e devi venire in soccorso. Per fermare Ollie prima che scada il tempo, devi costruire una macchina. La stampa blu per la macchina si trova nella parte inferiore dello schermo, quindi tutto ciò che devi fare è individuare le parti nascoste nelle numerose case in una città labirintica. Quando trovi una parte, trascinala indietro e posizionala sulla stampa blu. Quando tutte le parti sono state individuate, premere il pulsante di avvio e la macchina è pronta per l'uso! Per rendere il tuo compito più difficile, ci sono diversi ostacoli che si frappongono. Se entri in una casa che non contiene una parte, rimarrai invece bloccato con una bomba. Dovrai sbrigarti e disperdere le bombe nella fossa delle bombe prima che esplodano! Di tanto in tanto, un vaso di fiori cadrà dall'alto e poi salterà fuori dallo schermo.
Boogie (USA) (Demo)	Boogie era una demo codificata da Atari per uso interno come dimostrazione delle capacità audio dell'Atari 5200. La cartuccia riproduce un piccolo boogie impressionante, quindi si ripete. Non ci sono giochi o grafica qui, solo la schermata del titolo e la colonna sonora
Bounty Bob Strikes Back! (USA)	Bounty Bob colpisce ancora! è il sequel di Miner 2049er e presenta un gameplay simile. Nei panni di Bounty Bob, il tuo obiettivo è rivendicare ogni centimetro di 25 miniere impegnative. Per fare ciò, devi camminare su ogni segmento della struttura nelle miniere. Per raggiungere ogni segmento della struttura, dovrai trovare un modo per saltare, arrampicarti o utilizzare uno dei tanti dispositivi occasionalmente disponibili per arrivarci. Per aiutarti a spostarti (o talvolta ostacolare il progresso) ci sono scale, scivoli, tubi di aspirazione, cannoni, trasportatori e altri dispositivi. Vagando per le miniere ci sono molti pericolosi mutanti.
Buck Rogers - Planet of Zoom (USA)	Buck Rogers - Planet Of Zoom è una via di mezzo tra un gioco di corse e uno &quot;sparatutto su rotaia&quot;. In un veloce pseudo 3D, piloterai una nave con la quale dovrai fare lo slalom tra i cancelli delimitati da tralicci oltre che evitare e sparare alle navi nemiche. Il gioco è una conversione della versione arcade e si basa sull'universo dei fumetti di Buck Roger.
Carol Shaw's River Raid (USA)	River Raid è uno sparatutto a scorrimento verticale. Si controlla un aereo da combattimento e si deve distruggere un ponte vitale per il nemico. Il fiume che state sorvolando è pesantemente sorvegliato da carri armati, elicotteri e aerei nemici che cercheranno di fermarvi. Lungo il percorso dovrete sorvolare i depositi di carburante per rifornirvi e continuare a volare. Le munizioni sono illimitate, è possibile distruggere veicoli nemici, ponti e depositi di carburante. Le collisioni con le sponde del fiume e con i veicoli sono fatali.
Centipede (USA)	Avventurati in una foresta incantata piena di funghi magici dove regna un gigantesco millepiedi, aiutato da ragni, scorpioni e pulci velenose. Combatterai queste creature malvagie armate di tre bacchette magiche. Se ti raggiungono prima che tu li elimini, ti strapperanno via la bacchetta. Ma non essere timido, alzati e attacca!
Choplifter! (USA)	Choplifter è un gioco d'azione/arcade a scorrimento laterale che ti mette al comando di un elicottero d'attacco. La tua missione: vai dietro le linee nemiche e salva fino a 16 ostaggi per livello. Fai attenzione, però, perché i carri armati e gli aerei nemici cercheranno di fermarti e non smetteranno di sparare mentre stai salvando quegli ostaggi! Originariamente rilasciato per i computer domestici Apple II, Choplifter è stato successivamente portato nelle sale giochi e in un certo numero di console per videogiochi. Seguiranno molti imitatori e omaggi.
Congo Bongo (USA)	Un porting estremamente fedele del famoso gioco arcade platform jump-n-run. Corri, salta e arrampicati in una giungla pericolosa evitando vari animali e proiettili. Include le animazioni introduttive e presenta le transizioni dello schermo scorrevole della versione arcade.
Countermeasure (USA)	I terroristi hanno preso il controllo di diversi silos missilistici e stanno pianificando di lanciare missili per far saltare in aria Washington DC. Il tuo compito è fermarli! Da un punto di vista dall'alto verso il basso, controlli un carro armato su un terreno vario e scorrevole. Per fermare i missili, hai due opzioni: puoi distruggere tutti i missili o tentare di indovinare il codice fail safe. Se provi a distruggere tutti i missili, devi farlo in meno di dieci minuti. I silos missilistici hanno molte difese che anche i terroristi controllano; fortini, carri armati, jeep e missili da crociera sono tutti in grado di distruggere il tuo carro armato.
David Crane's Pitfall II - Lost Caverns (USA)	Interpreti Pitfall Harry alla ricerca del diamante Raj, sua nipote Rhonda e una varietà di tesori da qualche parte nelle Ande. Rane velenose, anguille, scorpioni, pipistrelli e altri pericoli si intromettono. Pitfall II è il sequel di Pitfall, il gioco platform originale. Il gameplay è rimasto praticamente lo stesso, con ogni schermata che presenta una vista laterale degli ostacoli da superare e potenzialmente dei tesori da collezionare. Il paesaggio è più simile a un labirinto, con una varietà di percorsi e vicoli ciechi da cercare. Lungo la strada ci sono dei checkpoint che il giocatore incontrerà. Quando il giocatore muore, Pitfall Harry verrà rimandato all'ultimo checkpoint attraversato.
Defender (USA)	Defender ha messo i giocatori a capo di una nave inviata per proteggere l'umanità da ondate di attacchi di forze aliene. Armata di &quot;bombe intelligenti&quot; e della capacità di utilizzare l'iperspazio per spostarsi rapidamente intorno al pianeta, la nave del giocatore deve combattere contro Bombardieri, Pod, Swarmer, Baiter e Lander - che possono catturare gli umanoidi e trasformarli in mutanti letali e implacabili . Se fallisci nel salvare gli umanoidi dalla caduta libera o dalla trasformazione dei mutanti, il pianeta viene distrutto. Il Defender di Eugene Jarvis è stato ampiamente considerato come uno degli sparatutto spaziali più popolari e avvincenti dei primi anni '80
Dig Dug (USA)	Dig Dug è un gioco arcade per 1-2 giocatori in cui devi usare la tua pala per scavare nella terra. A impedirti di farlo ci sono due mostri, chiamati Pooka e Fygar, che ti inseguiranno continuamente. L'unica arma che porti è una pompa ad aria, che puoi usare per gonfiare i mostri fino al punto in cui esplodono. (se inizi a gonfiarli ma smetti di farlo, i mostri torneranno al loro sé normale.) Inoltre, le rocce sono sparse in tutta la terra e puoi usarle per schiacciarle. Se i mostri non ti trovano per diversi secondi, alla fine verranno trasformati in fantasmi, che sono in grado di camminare attraverso la terra. Sono invincibili e non possono essere uccisi. Di tanto in tanto, le verdure appariranno al centro e puoi ottenerle per punti.
Dreadnaught Factor, The (USA)	Le Zorban Dreadnaught sono astronavi lunghe 140.000 piedi e pesano 970 megatoni, il che le rende le navi spaziali più grandi e pesantemente corazzate mai create. Una flotta di queste grandi navi da battaglia si sta dirigendo verso il tuo pianeta natale, ed è tuo compito fermarle! Il gioco si gioca da un punto di vista dall'alto a scorrimento laterale mentre la tua piccola ma agile navicella spaziale vola oltre le corazzate. Ad ogni passaggio effettuato dalla tua navicella spaziale, devi provare a bombardare il maggior numero possibile di prese d'energia. Quando tutte le prese d'energia su una corazzata vengono distrutte, quella corazzata esploderà.
Final Legacy (USA) (Proto)	Questa è una battaglia su tre fronti. Tu sei il capitano della nave Legacy. Il tuo obiettivo finale è distruggere le basi missilistiche dei Guerrafondai, ma devi anche proteggere le tue città. Inizi il gioco in modalità comando. Seleziona le altre modalità con il joystick. Su per la navigazione, giù per il siluro, a sinistra per il mare-aria ea destra per il mare-terra. La versione Atari 5200 di questo gioco non è mai stata rilasciata, ma è comunque per lo più identica alla versione Atari 8-Bit che è stata rilasciata.
Frisky Tom (USA) (Proto) (1983-07-04)	Un gioco prototipo che non è mai stato rilasciato ufficialmente per l'Atari 5200, Frisky Tom è un porting dell'oscuro coin-op Nichibutsu con lo stesso nome in cui interpreti un idraulico che deve arrampicarsi e riparare tubi rotti per mantenere un flusso d'acqua costante scorre dal serbatoio nella parte superiore dello schermo al serbatoio nella parte inferiore. Purtroppo questa casa è infestata da topi che vagano per lo schermo, rosicchiando i tubi e generalmente causando problemi al nostro uomo Tom.
Frogger (USA)	Il tuo compito in questa conversione arcade è guidare una rana attraverso una strada e un fiume insidiosi e portarla al sicuro nella parte superiore dello schermo. Entrambe queste sezioni sono piene di una varietà di pericoli, ognuno dei quali ucciderà la rana e ti costerà una vita se viene stabilito un contatto.
Frogger II - Threeedeep! (USA)	In Frogger II, devi guidare la tua rana in salvo in tre diverse posizioni. Partendo sott'acqua, raggiungi la cima dello stagno evitando pericolosi alligatori e pesci (puoi cavalcare una tartaruga per sicurezza!). Una volta in cima allo stagno, salta attraverso tronchi, uccelli e persino una balena fino al salvagente che si trascina dietro un rimorchiatore. Nella terza posizione devi saltare attraverso uno stormo di uccelli per raggiungere una nuvola nella parte superiore dello schermo. Ogni rana ha un limite di tempo per raggiungere in sicurezza una delle case su ciascuno dei tre schermi. Si passa al livello successivo quando una rana ha raggiunto in sicurezza ciascuna delle case su tutti gli schermi.
Galaxian (USA)	Galaxian è uno sparatutto in cui il giocatore si trova nella parte inferiore dello schermo, con una disposizione di alieni in alto. Il giocatore si muove a destra ea sinistra per mirare a un alieno, quindi spara un proiettile sullo schermo e l'alieno che colpisce viene ucciso. Gli alieni sono classificati come droni, emissari, calabroni e comandanti, con quelli più in alto dello schermo che ottengono più punti quando vengono distrutti. A intervalli prestabiliti un nemico si muoverà lungo lo schermo verso di te, scortando un bombardiere, che è un momento di grande pericolo. Cancella un'onda e ne viene generata un'altra.
Gorf (USA)	Gorf è uno sparatutto ispirato agli invasori spaziali. Il gioco si svolge in quattro livelli, dopo due classici primi livelli per affrontare ondate di alieni, il terzo ti porta nell'iperspazio prima di affrontare il boss nel quarto livello. Se sopravvivi, ricomincerai da capo con maggiore velocità. Il gioco è il porting della versione arcade originale.
Gremlins (USA)	In questo gioco arcade il tuo compito è collezionare i mogwais (orsetti di peluche). Ma come nel film, questi non devono essere nutriti dopo la mezzanotte, altrimenti si trasformeranno in pericolosi gremlin. Se esposti all'acqua, i mogwai e i gremlin si moltiplicano. Dopo un po', Mogwais si trasformerà in Gremlins e ti attaccherà. Ognuno di loro ha un'ora fino alle 6 del mattino prima della fine della notte. Hai completato il livello (notte) in anticipo quando tutti i Mogwai sono stati raccolti e tutti i Gremlin sono stati sconfitti.
Gyruss (USA)	L'intero sistema solare è stato attaccato dai feroci Gyrusiani e tocca a te salvare la situazione! Dovrai far volare la tua astronave su ciascuno dei nove pianeti e quindi eliminare tre livelli di nemici per liberare quel pianeta dai Gyrusiani. Inizi il gioco con un singolo cannone e puoi ottenere un doppio cannone dopo aver sparato a un satellite potenziato. Dopo aver ripulito ogni pianeta, c'è un'altra fase bonus in cui è possibile raccogliere armi aggiuntive e punti bonus. Gyruss è uno sparatutto d'azione arcade, tuttavia invece di pilotare la tua astronave orizzontalmente o verticalmente, ti muovi in cerchio attorno al perimetro dello schermo. La versione NES di Gyruss aggiunge alla versione arcade originale musica aggiuntiva, armi aggiuntive, nuovi nemici e un grande boss alla fine di ogni livello.
H.E.R.O. (USA)	H.E.R.O o Helicopter Emergency Rescue Operation è un port del gioco originariamente rilasciato su Atari 2600. Prendi il controllo di Roderick Hero il cui obiettivo è salvare le vittime intrappolate dall'attività vulcanica sul fondo di una miniera. Usando lo zaino dell'elica, un laser e degli esplosivi, devi farti strada attraverso un labirinto popolato da varie creature e ostruito da frane per salvare i minatori. Dovrai stare attento a gestire le tue limitate risorse, a non spegnere le luci o cadere in acqua sul fondo della miniera.
James Bond 007 (USA)	In James Bond 007 controlli James Bond nella sua astronave multiuso. Questo velivolo può viaggiare sia per terra che per mare, può saltare sopra il pericolo o sparare ai nemici su molti livelli diversi. Ogni livello a scorrimento orizzontale nel gioco è vagamente basato su un diverso film di James Bond. I livelli inclusi sono Diamonds Are Forever, The Spy Who Loved Me, Moonraker e For Your Eyes Only. Ogni livello ha una varietà di nemici che cercano di distruggerti e un obiettivo unico che deve essere raggiunto per continuare (ad esempio, potresti dover atterrare su una piattaforma petrolifera nascosta per fermare Seraffino, o trovare il laboratorio sottomarino di Stromberg e distruggerlo) . Se riesci a completare tutte le missioni, vinci la partita! Buona fortuna, signor Bond.
Joust (USA)	In JOUST, il giocatore controlla un cavaliere giallo che cavalca uno struzzo o una cicogna volante, da una prospettiva in terza persona, tra piattaforme rocciose galleggianti e sopra pozze di lava, gruppi di cavalieri nemici che cavalcano poiane che popolano ogni livello, chiamato &quot;onda&quot;. &quot; Alla fine di un'onda, inizia un'onda successiva più difficile. Il gioco presenta tre tipi di cavalieri nemici - Bounder, Hunter e Shadow Lord - che valgono diverse quantità di punti. Uno pterodattilo quasi indistruttibile appare dopo un periodo di tempo predeterminato per dare la caccia agli eroi, come incentivo per completare il livello. Un secondo giocatore può unirsi al gioco
Jr. Pac-Man (USA) (Proto)	Jr.Pac-Man non è mai stato rilasciato per l'Atari 5200, tuttavia esiste un prototipo. In questo spin off di Pac-man ora prendi il controllo di Junior, che deve vedersela con molto più dei suoi genitori! I labirinti sono così grandi ora che richiedono che lo schermo scorra. Inoltre, gli elementi che appaiono faranno ingrandire i punti. Questo dà a Junior più punti quando li mangia, ma lo rallenta anche un po' rendendo difficile evitare i fantasmi. Quel che è peggio è che se colpiscono un power pellet lo distruggeranno! Come altri giochi di Pac-Man, gli intervalli vengono mostrati tra i livelli. Hanno principalmente a che fare con Junior e una ragazza fantasma che si innamorano nonostante la disapprovazione dei genitori.
Jungle Hunt (USA)	JUNGLE HUNT! Ora puoi giocare al successo arcade a casa. La grafica e il gameplay sono così realistici che penserai di essere nel tuo video safari! Ti ritroverai aggrappato a rampicanti scivolosi con la punta delle dita, schivando le fauci dei coccodrilli e schivando enormi massi che rimbalzano. Sbrigati a salvare il tuo tesoro dai cannibali affamati: è quasi ora di cena!
K-Razy Shoot-Out (USA)	K-Razy Shootout è un gioco d'azione arcade simile a Berzerk. Sei in un labirinto pieno di robot pericolosi. Il tuo obiettivo è sparare a quanti più robot puoi per guadagnare punti. Se entri in collisione con un robot, il fuoco del robot o le pareti del labirinto, perdi una vita. Il gioco termina quando tutte le tue vite di riserva sono state perse. Ogni settore del gioco ha una barra del timer; se completi un settore mentre la barra è nella sezione verde o gialla, vengono guadagnati punti bonus. Se il tempo scade, perdi una vita. Ogni settore avrà una o più uscite nel labirinto; puoi uscire da un labirinto in qualsiasi momento, ma se te ne vai prima che tutti i robot vengano distrutti, dovrai tornare indietro di due settori.
Kaboom! (USA)	Il bombardiere pazzo è a piede libero! Mentre corre avanti e indietro nella parte superiore dello schermo, devi catturare le bombe che lascia cadere in secchi d'acqua. Si guadagna un punto per ogni bomba catturata, ma perdi una delle bombe e Kaboom! Man mano che i livelli avanzano, il bombardiere pazzo si muoverà sempre più velocemente e lancerà sempre più bombe. Inizi il gioco con tre secchi e ne perdi uno ogni volta che manca una bomba. Il gioco finisce quando tutti i tuoi secchi d'acqua sono finiti.
Kangaroo (USA)	Baby Roo è stato rapito dalle scimmie e tocca a Mama Roo venire in soccorso! Il tuo canguro inizia nella parte inferiore dello schermo. Devi guidare il canguro su per le varie scale e piattaforme fino alla cima dove Baby Roo è tenuto prigioniero. Le scimmie cercheranno di fermarti lanciando o facendo cadere mele e facendoti cadere dalle piattaforme. Il tuo canguro ha guanti da boxe, tuttavia, e può mettere fuori combattimento le scimmie con un solo pugno! Lungo il percorso si possono raccogliere vari tipi di frutta per guadagnare punti bonus.
Keystone Kapers (USA)	Il famigerato ladro Harry Hooligan è a piede libero! Interpreti la parte dell'agente Keystone Kelly, inviato per catturare Harry. Harry è intrappolato in un centro commerciale a quattro piani e corre più veloce che può per raggiungere l'uscita in cima. Il tuo compito è raggiungerlo e mandarlo in prigione. Dovrai utilizzare le scale mobili alla fine di ogni piano o l'ascensore nel mezzo per andare da un piano all'altro. Le scale mobili potrebbero essere più lontane, ma l'ascensore si muove abbastanza lentamente, quindi dovrai decidere quale percorso sarà più veloce per avvicinarti al tuo obiettivo. Se Harry riesce ad arrivare in cima prima che tu lo catturi, dovrai riprovare quel livello. Harry non ha intenzione di lasciarti catturare facilmente e sta lanciando tutto ciò che riesce a trovare nel tentativo di rallentarti.
Last Starfighter, The (USA) (Proto) (1984-05-21)	&quot;Saluti Starfighter. Sei stato reclutato dalla Star League per difendere la Frontiera contro Xur e l'armata Ko-Dan.&quot; The Last Starfighter è basato sul film degli anni '80. Sfortunatamente, nonostante fosse finito, non è stato rilasciato per l'Atari 5200. Tuttavia esiste in forma di prototipo e alla fine è stato ufficialmente rilasciato per l'Atari XE/XL come Star Raiders II con alcune piccole modifiche. Anche una versione arcade doveva essere rilasciata, ma è stata anche inscatolata. Inoltre, questo gioco non era nemmeno originariamente The Last Starfighter e invece era originariamente chiamato Orbiter che è stato riorganizzato. Bella storia per un prototipo!
Looney Tunes Hotel (USA) (Proto)	Looney Tunes Hotel fa parte della lunga lista di giochi inediti dell'Atari 5200. Lo scopo del gioco è aiutare Bugs bunny a chiudere tutte le porte dell'hotel in un dato momento, ma alcuni party spoiler (Sam, Taz, Elmer ) verrà e ti renderà difficile aprendo le porte e facendoti cadere.
Mario Bros. (USA)	Mario e Luigi, i migliori idraulici del mondo, hanno un vero lavoro da fare. Una miriade di personaggi ha preso il controllo delle fogne ei fratelli devono sgombrarle dai tubi. Il puzzle platform che per primo ha introdotto Luigi nel mondo ha azione sia single che multiplayer con due diversi tipi di gioco, ma con lo stesso obiettivo. Granchi, tartarughe e mosche combattenti devono essere sgomberati saltando sotto la piattaforma su cui si siedono e poi calciandoli via. Ogni livello viene cancellato quando viene raccolto un determinato numero di monete. Per la modalità a due giocatori, vince il primo a raccogliere la quantità di monete impostata.
Meebzork (USA) (Proto) (1983-11-16)	Un prototipo di gioco incompiuto originariamente progettato come sparatutto, ma l'ultima versione disponibile finisce per essere più un gioco di azione/avventura. C'è anche una prima build disponibile dello sparatutto. Sei un guerriero di nome Meebzork che può esercitarsi o giocare attraverso 6 diversi livelli (escluso un altro livello che sarebbe stato dopo aver completato un tabellone e ti avrebbe permesso di sceglierne uno successivo). Tutti e 6 i livelli sono diversi in ciò di cui hanno bisogno. Anche se non rifinito e non lucidato, puoi vedere molto potenziale.
MegaMania (USA)	Megamania è un gioco d'azione arcade con un gameplay simile a Space Invaders. Controlli un'astronave nella parte inferiore dello schermo e devi difenderti da numerose ondate di attaccanti. Ma in Megamania, gli aggressori sono molto più bizzarri degli alieni invasori. Ci sono hamburger, diamanti, ferri da stiro, papillon, dadi spaziali e altro ancora! Devi guadagnare punti distruggendo il maggior numero possibile di questi strani attaccanti prima che la tua scorta di energia si esaurisca.
Meteorites (USA)	Meteorites è un gioco d'azione arcade con un gameplay simile ad Asteroids. Controlli un'astronave circondata da numerosi asteroidi; il tuo obiettivo è distruggerli! Ogni volta che spari a un asteroide, questo si rompe in asteroidi più piccoli. Alla fine i pezzi saranno abbastanza piccoli da poterli distruggere. Quando avrai distrutto tutti gli asteroidi, passerai al livello successivo, più difficile. Per rendere il gioco più difficile, di tanto in tanto apparirà anche un disco volante e proverà a sparare alla tua astronave. Per uscire rapidamente dai guai, la tua astronave potrebbe anche entrare nell'iperspazio trasportandoti in una nuova posizione sullo schermo. Fai attenzione, però, a volte la nuova posizione è peggiore di quella che hai lasciato!
Microgammon SB (USA) (Proto) (1983-08-15)	Microgammon SB è nato originariamente come un gioco per Apple IIe. Secondo il programmatore Steve Baker, aveva originariamente sviluppato il gioco per Apple quando decise di portarlo su Atari 5200. Poiché il 5200 possedeva una modalità ad alta risoluzione che era alla pari con quella di Apple, la conversione è stata piuttosto semplice. Tuttavia, un effetto collaterale dell'utilizzo della modalità ad alta risoluzione del 5200 era che la grafica era solo in bianco e nero. Tuttavia, la maggior parte dei giocatori ritiene che questo non distragga molto dal gioco poiché utilizza comunque pezzi bianchi e neri.
Millipede (USA) (Proto) (1984-01-31)	Un prototipo di conversione inedito del gioco arcade Millipede. È stato completato ma non è mai stato rilasciato a causa dell'abbandono da parte di Atari del 5200 vicino al suo completamento. L'obiettivo è sopravvivere ondata dopo ondata di vari insetti mentre si cerca di distruggere un millepiedi che si fa strada lungo lo schermo verso il tuo giocatore. Sebbene sia molto simile a Centipede, aggiunge alcune nuove stranezze come nuovi insetti con cui confrontarsi e bombe DDT che, se colpite, distruggeranno ciò che li circonda.
Miner 2049er Starring Bounty Bob (USA)	Controlli &quot;Bounty Bob&quot;, che sale le scale e si sposta su un'impalcatura. Usa attrezzature speciali come trasportatori, ascensori e cannoni per aiutare Bob a recuperare la miniera. Trova i vari oggetti lasciati dai precedenti esploratori, ma fai attenzione agli organismi mutati in agguato ovunque che cercano di portarti fuori!
Miniature Golf (USA) (Proto)	Gioco prototipo inedito di Steve Baker per Atari 5200. Tuttavia è stato completato ed è completamente giocabile. A causa della modalità ad alta risoluzione utilizzata, il gioco ha alcune scelte strane per i colori, ma a parte questo è abbastanza ben fatto e simula molto bene il golf in miniatura. Il controllo è gestito interamente dalla tastiera, quindi il joystick 5200 non centrato non ostacola il gioco. Premendo i tasti # e * cambia la direzione in cui verrà colpita la pallina (rappresentata da una freccia) e i tasti 1-9 sono usati per indicare la potenza dello swing (1=minima e 9=massima).
Missile Command (USA)	Gli alieni del pianeta Krytol stanno attaccando le tue città!! In qualità di comandante di una base missilistica, è tua responsabilità difenderli. Una varietà di armi e aerei nemici arriveranno cercando di distruggere le sei città nella parte inferiore dello schermo. Devi sparare missili per distruggere le armi in arrivo. Se qualcosa riesce, una delle tue città potrebbe essere distrutta. Quando tutte le città sono sparite, il gioco è finito. In ogni livello hai una quantità limitata di munizioni, quindi assicurati che la maggior parte (se non tutti) dei tuoi colpi siano accurati o potresti rimanere senza munizioni e mettere a rischio le tue città! Man mano che i livelli avanzano, ci sono sempre più armi nemiche da distruggere che arrivano a un ritmo sempre più veloce.
Montezuma's Revenge - Featuring Panama Joe (USA)	Giochi nei panni di un cacciatore di tesori di nome Panama Joe, il cui obiettivo è trovare un antico tesoro nascosto da un guerriero azteco nelle profondità delle catacombe. Ma attenzione, le catacombe sono un grande labirinto abitato da mostri. Teschi che rimbalzano e rotolano, ragni danzanti, catene che scompaiono e riappaiono e tonnellate di fuoco ti aspettano. Dovrai trovare molte chiavi e sbloccare le porte per raggiungere il tuo obiettivo. Panama Joe può saltare e salire le scale, ma non ha molto da offrire in termini di combattimento. Ecco perché i mostri presenti nel gioco sono da evitare: una collisione con un nemico porta a una morte prematura.
Moon Patrol (USA)	La luna è attaccata da un'orda di alieni e devi fermarli nel tuo buggy armato. Guida lungo la superficie sparando agli alieni ed evitando i loro proiettili. La superficie non è piatta, ci sono crateri e rocce con cui evitare il contatto e mine in superficie. I dischi volanti creano nuovi crateri quando si schiantano. I 25 punti di riavvio sono codificati in lettere.
Mountain King (USA)	Nel profondo di una miniera di diamanti multipiattaforma c'è una preziosa corona. Il tuo obiettivo è individuare e recuperare la corona, quindi arrivare in cima alla miniera vivo! Ci sono diversi passaggi che devono essere completati prima di poter recuperare la corona. Per prima cosa devi raccogliere abbastanza diamanti per guadagnare 1.000 punti.
Mr. Do!'s Castle (USA)	Mr. Do!'s Castle è un gioco platform d'azione che ti vede in un castello composto da diversi piani, ognuno dei quali contiene una varietà di blocchi. Tu controlli Mr. Do! il clown che ha un martello che può essere usato per far cadere i blocchi nel pavimento. Vagando per il castello ci sono unicorni mortali che cercano costantemente di catturarti. Il tuo obiettivo è guadagnare più punti possibile e progredire attraverso i castelli sempre più difficili.
Ms. Pac-Man (USA)	Nel 1982, un sequel dell'incredibilmente popolare Pac-Man fu introdotto nella forma della sua ragazza, la signora Pac-Man. Questo sequel ha continuato il gameplay &quot;mangia i punti / evita i fantasmi&quot; del gioco originale, ma ha aggiunto nuove funzionalità per mantenere il titolo fresco. Come il suo ragazzo, la signora Pac-Man tenta di ripulire quattro vari e stimolanti labirinti pieni di punti e frutta che rimbalza sempre in movimento, evitando Inky, Blinky, Pinky e Sue, ognuno con le proprie personalità e tattiche. Un tocco da uno qualsiasi di questi fantasmi significa una perdita di vite umane per la signora Pac-Man.
Pac-Man (USA)	Uno dei giochi più popolari e influenti degli anni '80, Pac-Man è il protagonista di un piccolo sgranocchiatore di punti gialli che si fa strada per liberare un labirinto di vari punti e frutti che popolano il tabellone. L'obiettivo di Pac-Man è continuamente sfidato da quattro fantasmi: il timido fantasma blu Bashful (Inky), il fantasma rosso Shadow (Blinky), il veloce fantasma rosa Speedy (Pinky) e lo smemorato fantasma arancione Pokey (Clyde). Un tocco da uno qualsiasi di questi fantasmi significa una perdita di vite umane per Pac-Man.
Pengo (USA)	In Pengo sei un pinguino e devi sconfiggere i nemici spingendo blocchi di ghiaccio per schiacciarli. Puoi anche catturarne uno se è stordito. C'è anche un limite di tempo per rendere le cose un po' più difficili.
Pitfall! (USA)	Pitfall! è un gioco d'azione platform. Interpreti Pitfall Harry che è alla ricerca di un tesoro nel profondo della giungla. Con un po' di fortuna potrai trovare borse di denaro, lingotti d'argento, lingotti d'oro e anelli di diamanti. Ma molti ostacoli si intrometteranno, alcuni dei quali si limitano a detrarre punti dal tuo punteggio, mentre altri sono fatali. Rotolare tronchi e cadere in una buca detrarrà punti e scorpioni, alligatori, serpenti, pozzi senza fondo, paludi e incendi faranno perdere una vita a Pitfall Harry. Hai 20 minuti per provare a raccogliere tutti i tesori sui numerosi schermi, se riesci a vivere così a lungo!
Pole Position (USA)	Pole Position è la conversione del gioco di corse arcade. Partecipa al Gran Premio, gareggia contro altre auto da corsa per ottenere il punteggio più alto possibile nel più breve tempo possibile.
Popeye (USA)	Popeye è una conversione del gioco d'azione/piattaforma arcade. Come Braccio di Ferro, stai cercando di conquistare l'amore di Olive Oyl! È in cima allo schermo e lascia cadere i segni del suo amore e devi raccoglierli prima che tocchino il suolo. Dopo aver raccolto il numero richiesto di oggetti, puoi passare al livello successivo, più difficile. Tuttavia, ci sono molti ostacoli che cercano di impedirti di completare il tuo compito! Brutus vaga per lo schermo e cerca costantemente di catturarti. Se raccogli una lattina di spinaci, puoi stordirlo temporaneamente, altrimenti Bruto ti metterà fuori combattimento. Anche altri oggetti come bottiglie o uccelli volano intorno allo schermo e ti faranno perdere una vita se vieni colpito. Ogni livello presenta una diversa disposizione di piattaforme e scale e ti farà raccogliere oggetti diversi mentre fluttuano verso la parte inferiore dello schermo!
Q-bert (USA)	Q*bert è una conversione del popolare gioco arcade. L'obiettivo è cambiare tutte le tessere di una piramide nel colore target. Per fare questo guidi Q*bert intorno alla piramide e ogni tessera su cui salterà cambierà colore. Nei livelli iniziali, un solo salto cambierà la tessera nel colore desiderato, ma nei livelli successivi potresti dover saltare su una tessera più volte o addirittura evitare di saltarci sopra più volte! A cercare di fermare Q*bert ci sono molte creature diverse che vagano per il tabellone, tra cui Coily il serpente, Slick e Sam, e palle che cadono. Sul bordo del tabellone ci sono dei dischi galleggianti; se Q*bert salta su uno di questi dischi quando il serpente è all'inseguimento, il serpente cadrà dal tabellone mentre Q*bert viene trasportato in sicurezza in cima.
QIX (USA)	In questo gioco, guidi un marcatore che deve disegnare rettangoli e altri strani oggetti per rivendicare il tuo territorio e puoi disegnare questi rettangoli velocemente o lentamente. Disegnare i rettangoli usando il metodo &quot;lento&quot; ti assegna il maggior numero di punti. Una volta creato un rettangolo, verrà colorato per mostrare che hai rivendicato il tuo territorio. Mentre disegni i rettangoli, devi fare attenzione a Qix (pronunciato &quot;calci&quot;), una serie di linee colorate che strisciano sullo schermo. Oltre a Qix, devi anche evitare le Scintille che viaggiano lungo il confine, così come le linee che hai tracciato, così come The Fuse, che viaggia lungo la linea che stai disegnando. Dopo aver rivendicato abbastanza territorio, si passa al livello successivo.
Quest for Quintana Roo (USA)	Sei Yucatan Sam in una missione per esplorare il tempio di Quintana Roo. Il tuo obiettivo è trovare il caveau che è nascosto da qualche parte all'interno e tornare con il tesoro che è dentro. Inizi la tua ricerca fuori dal tempio; arrampicati lungo il lato del tempio per entrare. Serpenti velenosi e fulmini mortali bloccheranno i tuoi progressi qui. Una volta all'interno del tempio, hai una riserva d'aria limitata, quindi devi esplorare rapidamente. Nascoste in varie stanze del tempio ci sono numerose chiavi necessarie per aprire il caveau. Le chiavi e alcuni altri oggetti utili sono nascosti in stanze segrete che devi localizzare usando il tuo fidato piccone o le fiasche di acido che porti.
RealSports Baseball (USA)	Baseball è un gioco d'azione che può essere giocato da due giocatori o da un giocatore contro il computer. Il gioco ti consente di smorzare la palla o tentare un fuoricampo, rubare basi e lanciare diversi tipi di lanci da una palla veloce a una palla curva. Sono incluse diverse varianti di gioco che ti consentono di selezionare se la squadra di casa o quella ospite è prima alla battuta e se un giocatore può oscillare o meno solo su campi che sono uno strike o può oscillare su qualsiasi campo.
RealSports Basketball (USA) (Proto) (1983-12-16)	Esistono due versioni significativamente diverse di Realsports Basketball per l'Atari 5200, entrambe programmate da Patrick Bass. Questa versione è quella che sarebbe diventata la versione finale del gioco, che sembra abbastanza completa, comprese le Easter eggs. Tuttavia, come l'omonimo gioco Atari 2600, Realsports Basketball non è mai stato messo in vendita. Non si sa perché Atari abbia programmato due diverse versioni del gioco. Purtroppo, Patrick Bass è morto in un incidente automobilistico nel 1998. Il fratello di Patrick, Ben Bass, ha lavorato con Ken Van Mersbergen per garantire che questa versione finale del gioco fosse condivisa con il pubblico.
RealSports Football (USA)	Football è un gioco di calcio d'azione per due giocatori o un giocatore contro il computer. Il gioco si gioca da un punto di vista dall'alto verso il basso del campo che scorre per seguire l'azione. C'è una varietà di giocate offensive e difensive che possono essere chiamate, insieme a diversi livelli di abilità per ogni giocatore. Ogni partita durerà un quarto di quindici minuti, vince la squadra che alla fine ha totalizzato più punti!
RealSports Soccer (USA)	Il gioco si gioca da un punto di vista angolato dall'alto del campo che scorre per seguire l'azione. Se la tua squadra ha la palla, controlli qualunque giocatore stia attualmente palleggiando, altrimenti puoi controllare qualsiasi giocatore alla volta mentre il computer controlla il resto della tua squadra. È possibile selezionare varie durate di tempo per ogni partita, puoi calciare la palla in basso, medio o alto e ci sono rimesse in gioco, calci d'angolo, calci di rinvio. Quando si gioca contro il computer sono disponibili diversi livelli di abilità.
RealSports Tennis (USA)	Realsports Tennis è un gioco di tennis per due giocatori o un giocatore contro il computer. Il gioco segue le regole standard del tennis e ti consente di eseguire tiri di diritto o rovescio in tutte le aree del campo, nonché servizi e pallonetti. Puoi giocare una partita in singolo o in doppio e sono inclusi più livelli di abilità.
Rescue on Fractalus! (USA)	Rescue on Fractalus è un gioco d'azione giocato da un punto di vista 3D in prima persona. La tua missione è salvare i piloti bloccati sul pianeta di Fractalus. Inizi ogni missione dalla nave madre e quando la tua quota di piloti è stata salvata devi tornare lì in modo da poter passare al livello successivo. Per aiutare a localizzare i piloti e navigare nel terreno difficile, la tua astronave è dotata di vari strumenti, come una bussola, un altimetro e uno scanner. Il tuo nemico, i Jaggi, ha numerose forze su questo pianeta e cercherà di fermarti. Le postazioni delle armi, i dischi volanti e gli stessi Jaggi sono tutti in grado di distruggere la tua nave se non li distruggi prima. Per difenderti da queste minacce, la tua nave è dotata di siluri. Man mano che i livelli avanzano, le difese Jaggi diventano più aggressive e dovrai persino svolgere alcune missioni notturne in cui la visibilità è limitata!
Road Runner (USA) (Proto) (1983-06-03)	Un gioco prototipo mai visto prima con il famoso personaggio dei cartoni animati di Road Runner. Si pensava che fosse basato su un port del gioco arcade Locomotion prima di essere coperto da beepbeep e Wiley E Coyote.
Robotron 2084 (USA)	Sei un umano mutante che, per un mostro della natura, ha la capacità di emettere impulsi di energia dal suo corpo in otto direzioni diverse! Il tuo lavoro è semplice: salva l'umanità dalla sua stessa creazione: i ROBOTRONS! Il gameplay è piuttosto unico per l'epoca. Puoi muoverti e sparare in una delle otto direzioni. Vieni gettato in una stanza con vari cattivi malvagi sparsi in giro, devi uccidere tutti i robot mentre trovi un modo per catturare gli umani ed evitare la morte.
Space Dungeon (USA)	Space Dungeon è un gioco sparatutto in stile arcade. Controlli un'astronave all'interno del dungeon spaziale composto da numerose stanze. I tesori si trovano nella loro interezza e il tuo obiettivo è raccogliere quanti più tesori puoi e quindi procedere all'uscita dei dungeon (chiamati &quot;bonus ricevibili&quot;). Non è necessario raccogliere tutti i tesori per completare un livello, ma si guadagnano più punti bonus man mano che si accumulano più tesori. Molte delle stanze contengono pericolosi nemici, inclusi kill box, guardie, esecutori, picchieri e altro ancora.
Space Invaders (USA)	La Terra è sotto attacco da file di alieni che lanciano bombe e devi difenderla! Le file di alieni iniziano nella parte superiore dello schermo e controlli un cannone laser nella parte inferiore dello schermo. Il tuo obiettivo è guadagnare punti sparando agli alieni prima che possano atterrare. Gli alieni marciano avanti e indietro e ogni volta che viene raggiunta la fine dello schermo scenderanno di una riga più vicino al fondo. Spara loro tutti e passerai al livello successivo (più difficile), ma se anche uno di loro atterra il gioco è finito. Di tanto in tanto un disco volante passerà lungo la parte superiore dello schermo; spara questo per guadagnare punti extra. Appena sopra il tuo cannone laser ci sono tre scudi; questi possono essere usati per nascondersi dalle bombe aliene, ma bloccheranno anche i tuoi colpi. Inizi il gioco con un numero limitato di cannoni laser e, se tutti vengono bombardati, il gioco finisce.
Space Shuttle - A Journey Into Space (USA)	Space Shuttle è un gioco di simulazione in cui sei il pilota della navetta spaziale Discovery. Il tuo obiettivo è lanciare la Discovery, stabilire un'orbita attorno alla Terra, aprire le porte della stiva e recuperare un satellite per eseguire le riparazioni e infine far atterrare la Discovery con successo, il tutto consumando meno carburante possibile. Ogni volta che la missione completa viene completata, si ripeterà a un livello di difficoltà più alto (nei livelli di difficoltà più alti il ​​satellite ha una traiettoria di volo più irregolare). Il gioco è giocato da una prospettiva in prima persona nella cabina di pilotaggio dello space shuttle, dove puoi controllare tutto, dai motori delle navette alle porte del vano di carico.
Spitfire (USA) (Proto) (1983-11-03)	Di tutti i prototipi che mi sono passati per le mani negli anni, Spitfire è sicuramente uno dei più strani. In parte Zaxxon e in parte Star Raiders, Spitfire sembra essere stato il primo tentativo di Atari nel regno degli sparatutto 3D. Sebbene l'attuale prototipo noto possa non essere molto completo (circa il 50%), mostra che il 5200 era effettivamente in grado di grafica 3D.
Sport Goofy (USA) (Proto) (1983-04-11)	Un prototipo mai visto prima per l'Atari 5200. Prendi il controllo di Pippo partecipando a due eventi, il Marathon Dive e il Pogo Pop. la piattaforma di immersione e salta giù prima che scada il tempo. Mentre Pippo si arrampica sulle piattaforme, devi evitare i piccoli carri armati corazzati, che inseguiranno Pippo. Fortunatamente, questi carri armati non possono saltare, invertire la direzione o usare scale, quindi possono essere evitati saltandoci sopra o guidandoli in una buca (che li farà cadere al livello successivo). Inoltre ostacola il progresso di Pippo, ci sono grandi lacune nelle piattaforme che dovrebbero essere attentamente ignorate. Se Pippo cade attraverso un buco, scenderà di un livello ma rimarrà in salute, ma se viene colpito da un carro armato perderà una vita.
Star Raiders (USA)	Congratulazioni! Ora sei un membro d'élite di Star Raiders! Individua e distruggi tutte le navi Zylon a vista, mentre combatti contro le intemperie, il consumo di energia, i danni alle navi e le minacce nemiche su basi stellari vitali. Inizia come un principiante e fatti strada fino a diventare uno Star Commander... o regredisci per diventare un cuoco galattico...
Star Trek - Strategic Operations Simulator (USA)	Star Trek: Strategic Operations Simulator è un gioco d'azione arcade in cui prendi il controllo della Starship Enterprise. La tua missione è salvare la Federazione da NOMAD! Prima di avere la possibilità di distruggere NOMAD, dovrai combattere attraverso dieci livelli (ciascuno composto da più round). In ogni round potresti incontrare combattenti Klingon, letali dischi di antimateria, campi di asteroidi e meteore mortali, tutti in grado di esaurire l'energia dell'Enterprise. Il gioco termina quando la tua scorta di energia è completamente esaurita. Per combattere questi pericoli, l'Enterprise è dotata di una scorta illimitata di phaser e di una scorta limitata di siluri fotonici.
Star Wars - Return of the Jedi - Death Star Battle (USA)	&quot;Death Star Battle&quot; è vagamente basato sugli eventi di &quot;Star Wars, parte 6: Il ritorno dello Jedi&quot;. Il tuo compito è distruggere la Morte Nera prima che la sua costruzione sia terminata. Inizi l'attività fuori dal perimetro dello scudo della Morte Nera. Lì dovrai combattere diverse navi imperiali ed evitare il raggio della morte mentre aspetti un'opportunità per scivolare attraverso una delle aperture casuali nello scudo energetico. Dopo aver raggiunto la Morte Nera devi ridurne la struttura fino al punto in cui puoi colpire il nucleo. Nella successiva esplosione della stazione devi evitare la collisione con i detriti della Morte Nera.
Star Wars - The Arcade Game (USA)	Conversione dello sparatutto in prima persona di Atari Games basato sul film originale di Star Wars. Assumi il ruolo di Luke Skywalker, con l'obiettivo di distruggere la Morte Nera - che, come ogni fan sa, comporta l'attacco al &quot;punto debole&quot; vicino allo scarico. Per arrivare anche a questo devi superare sciami di TIE Fighters. Completa il gioco e torna indietro a difficoltà sempre crescente. Il gioco utilizza la grafica vettoriale, che consente molta azione ad alta velocità su sistemi relativamente lenti.
Stargate (USA) (Proto 3) (1984-01-05)	Un port prototipo inedito del popolare gioco Williams Stargate. nnIl seguito di Defender e molto simile al gioco arcade in cui voli facendo esplodere alieni e cercando di sopravvivere abbastanza a lungo da salvare gli umanoidi. Hai anche un pulsante Iperspazio che può teletrasportarti in un'area casuale che può essere buona o cattiva. Un'altra novità in Stargate era un pulsante Inviso che avrebbe nascosto il tuo combattente per un tempo limitato.
Super Breakout (USA)	Super Breakout presenta un gameplay simile all'originale, ma con diverse nuove varianti di gioco. Il tuo obiettivo è guadagnare più punti possibile distruggendo i mattoni in cima al campo di gioco. Per fare ciò, è necessario utilizzare la paletta nella parte inferiore dello schermo per mantenere una palla che rimbalza all'interno del campo di gioco. Sono incluse quattro diverse varianti di gioco. Il primo è &quot;Breakout&quot; e funziona come il gioco originale.
Super Cobra (USA)	Super Cobra è uno sparatutto a scorrimento laterale basato sul gioco arcade. Sei un pilota di chopper in una missione di sorveglianza in territorio nemico; il tuo obiettivo è superare i vari percorsi ad ostacoli vivi e segnare più punti possibile. Edifici alti, montagne, tunnel stretti e vari nemici (come carri armati, razzi, mine e altro) possono interferire e distruggere il tuo elicottero se non stai attento. Per aiutarti a difenderti, l'elicottero è armato con una mitragliatrice e bombe che possono essere utilizzate per distruggere i carri armati e i razzi nemici. Per rendere il compito più difficile, il tuo elicottero ha una quantità limitata di carburante. In tutti i paesaggi ci sono serbatoi di carburante; se uno di questi viene colpito o bombardato, ti verrà assegnato carburante extra. Man mano che i livelli avanzano, i nemici diventano più aggressivi, il carburante diventa più scarso e il paesaggio diventa più difficile da esplorare.
Super Pac-Man (USA) (Proto) (Final)	In un ottimo adattamento di uno dei sequel meno conosciuti di Pac-Man, Super Pac-Man per Atari 5200 accelera l'azione e riduce drasticamente l'efficacia delle pillole e dei super poteri divorati da Pac-Man . Se pensi di aver padroneggiato la versione arcade originale, con il vantaggio di molti alloggi o del Museo Namco, questa versione di Super Pac-Man potrebbe ancora umiliarti con il suo ritmo più veloce. Graficamente, questa è una traduzione migliore del suo materiale originale rispetto all'originale Pac-Man per il 5200, e il suono è quasi un suono morto per il gioco arcade.
Tempest (USA) (AtariAge)	Tempest è uno sparatutto che utilizza una grafica wireframe. Ogni Wireway viene affrontato a turno e ha una rete di linee che guidano i percorsi di movimento sia di te che degli alieni. Rimani all'esterno e continui a sparare mentre gli alieni si muovono verso di te. Tutti quelli che raggiungono l'esterno sono fatali da toccare, limitando così notevolmente il tuo raggio di movimento se 2 o più riescono a farlo. Alcuni alieni si muovono di lato: per affrontarli, pianifica in anticipo tenendo conto del tempo che i tuoi scatti impiegano per viaggiare.
Track and Field (USA) (Proto) (1984-05-10)	Un gioco prototipo inedito per Atari 5200 basato sul popolare gioco arcade. Sebbene non sia stato rilasciato, è stato portato e rilasciato per computer Atari a 8 bit. I giocatori partecipano a 6 eventi.
Vanguard (USA)	Il pianeta Aterria è pieno di nemici desiderosi di abbattere la tua nave mentre ti dirigi verso la Città dei Misteri per affrontare Gond. Avrai bisogno di molta abilità per attraversare il sistema di tunnel per passare attraverso le sette zone di tunnel. Un'area per principianti ti consente di affinare le tue abilità e i nemici non ti sparano e hai carburante infinito. Divertiti... diventa più difficile! Non dimenticare che puoi premere il tasto per lo scatto continuo.
Wizard of Wor (USA)	Wizard of Wor è uno sparatutto arcade giocato in vista dall'alto. nnIl giocatore controlla un guerriero intrappolato in un dungeon. L'obiettivo è guadagnare più punti possibile sparando alle tante creature nemiche che vagano per i corridoi del labirinto. Le creature vagano a velocità diverse, possono sparare dardi contro il giocatore e alcune hanno persino la capacità di svanire temporaneamente. Nella parte inferiore dello schermo, il giocatore ha un radar che può essere utilizzato per localizzare le creature che sono invisibili.
Xari Arena (USA) (Proto) (1983-09-20)	Un gioco prototipo inedito per Atari 5200. nnIl tuo obiettivo è distruggere tutti gli Xari che escono dal pozzo al centro dello schermo prima che possano distruggere tutti i tuoi blocchi. Puoi usare il joystick o il controller della trackball. nnOgni giocatore assomiglia a una pagaia vuota (come una capsula), che puoi spostare sul lato dello schermo. La tua pagaia può catturare e contenere fino a tre palle di fuoco (le piccole cose dall'aspetto di una stella che sparano gli Xari) e ogni palla di fuoco immagazzinata ti consente di distruggere uno Xari correndoci dentro
Xevious (USA) (Proto) (1984-01-04)	Un prototipo inedito basato sul popolare gioco sparatutto di Namco. nnÈ un incubo, ma è vero. La ricerca scientifica ha stabilito che noi siamo i veri alieni sulla Terra e che i malvagi Xevion sono gli abitanti originali. Ora gli Xevion rivogliono la Terra. meno gli umani! L'ultima speranza della Terra è un aereo da combattimento sperimentale noto come Solvalou. La missione è pericolosa, il successo non è garantito ed è probabile che sia un viaggio di sola andata. Ma a questo punto o muori!
Zaxxon (USA)	Il sistema di difesa Zaxxon deve essere distrutto in questo sparatutto isometrico che in origine ebbe un enorme successo nelle sale giochi. Il gioco ha 3 fasi, prima ti portano attraverso Asteroid City, che è pesantemente protetta da aerei, pistole e missili. Molte barriere sono allarmate, lasciandoti uno spazio limitato per avanzare e il fuoco deve essere costantemente schivato.
Zenji (USA)	Zenji è un gioco di azione/strategia in cui controlli una faccia che rotola in un labirinto. Ogni sezione del labirinto può essere ruotata di fronte. L'obiettivo è rendere verde l'intero labirinto collegando ogni sezione del labirinto alla sorgente al centro dello schermo. Dopo che tutte le sezioni del labirinto sono state collegate, puoi passare al livello successivo, più impegnativo. Oltre ad avere un limite di tempo per completare il tuo compito, devi evitare le fiamme e le scintille che vagano nel labirinto. Di tanto in tanto un numero apparirà in una sezione del labirinto e conto alla rovescia da 9 a 0. Se tocchi il numero prima che scompaia, vengono guadagnati punti bonus. Man mano che i livelli avanzano, i labirinti diventano più grandi, più complicati e appariranno più fiamme.
Zone Ranger (USA)	Zone Ranger è un gioco d'azione arcade in qualche modo simile ad Asteroids. Sei il pilota di un'astronave in una regione mortale dello spazio. Grandi rocce assassine, satelliti canaglia, boomerang e altro riempiono questa regione di spazio. Usando i laser delle tue navi devi distruggerne il maggior numero possibile per guadagnare punti. Ogni livello contiene anche alcuni buchi di curvatura; inserisci uno di questi e verrai trasportato in una nuova posizione, che potrebbe essere utile in caso di problemi. Occasionalmente ti imbatterai anche in alcune stelle filanti sonore; tocca uno di questi e diventerai temporaneamente invincibile.
