#key	style	ss_system_id	encoding
A.E. (USA) (Proto 2) (1984-01-04)	sstitle	40	lossless
Activision Decathlon, The (USA)	sstitle	40	lossless
Asteroids (USA) (Proto) (Final)	sstitle	40	lossless
Astro Chase (USA)	sstitle	40	lossless
Astrogrover (USA) (Proto)	sstitle	40	lossless
Ballblazer (USA)	sstitle	40	lossless
Barroom Baseball (USA) (Proto 2) (1983-11-21)	sstitle	40	lossless
Battlezone (USA) (Proto 2)	sstitle	40	lossless
Beamrider (USA)	sstitle	40	lossless
BerZerk (USA)	sstitle	40	lossless
Black Belt (USA) (Proto 3)	sstitle	40	lossless
Blaster (USA) (Proto)	sstitle	40	lossless
Blue Print (USA)	sstitle	40	lossless
Bounty Bob Strikes Back! (USA)	sstitle	40	lossless
Buck Rogers - Planet of Zoom (USA)	sstitle	40	lossless
Carol Shaw's River Raid (USA)	sstitle	40	lossless
Centipede (USA)	sstitle	40	lossless
Choplifter! (USA)	sstitle	40	lossless
Congo Bongo (USA)	sstitle	40	lossless
Countermeasure (USA)	sstitle	40	lossless
David Crane's Pitfall II - Lost Caverns (USA)	sstitle	40	lossless
Defender (USA)	sstitle	40	lossless
Dig Dug (USA)	sstitle	40	lossless
Dreadnaught Factor, The (USA)	sstitle	40	lossless
Final Legacy (USA) (Proto)	sstitle	40	lossless
Frisky Tom (USA) (Proto) (1983-07-04)	sstitle	40	lossless
Frogger (USA)	sstitle	40	lossless
Frogger II - Threeedeep! (USA)	sstitle	40	lossless
Galaxian (USA)	sstitle	40	lossless
Gorf (USA)	sstitle	40	lossless
Gremlins (USA)	sstitle	40	lossless
Gyruss (USA)	sstitle	40	lossless
H.E.R.O. (USA)	sstitle	40	lossless
James Bond 007 (USA)	sstitle	40	lossless
Joust (USA)	sstitle	40	lossless
Jr. Pac-Man (USA) (Proto)	sstitle	40	lossless
Jungle Hunt (USA)	sstitle	40	lossless
K-Razy Shoot-Out (USA)	sstitle	40	lossless
Kaboom! (USA)	sstitle	40	lossless
Kangaroo (USA)	sstitle	40	lossless
Keystone Kapers (USA)	sstitle	40	lossless
Last Starfighter, The (USA) (Proto) (1984-05-21)	sstitle	40	lossless
Looney Tunes Hotel (USA) (Proto)	sstitle	40	lossless
Mario Bros. (USA)	sstitle	40	lossless
Meebzork (USA) (Proto) (1983-11-16)	sstitle	40	lossless
MegaMania (USA)	sstitle	40	lossless
Meteorites (USA)	sstitle	40	lossless
Microgammon SB (USA) (Proto) (1983-08-15)	sstitle	40	lossless
Millipede (USA) (Proto) (1984-01-31)	sstitle	40	lossless
Miner 2049er Starring Bounty Bob (USA)	sstitle	40	lossless
Miniature Golf (USA) (Proto)	sstitle	40	lossless
Missile Command (USA)	sstitle	40	lossless
Montezuma's Revenge - Featuring Panama Joe (USA)	sstitle	40	lossless
Moon Patrol (USA)	sstitle	40	lossless
Mountain King (USA)	sstitle	40	lossless
Mr. Do!'s Castle (USA)	sstitle	40	lossless
Ms. Pac-Man (USA)	sstitle	40	lossless
Pac-Man (USA)	sstitle	40	lossless
Pengo (USA)	sstitle	40	lossless
Pitfall! (USA)	sstitle	40	lossless
Pole Position (USA)	sstitle	40	lossless
Popeye (USA)	sstitle	40	lossless
Q-bert (USA)	sstitle	40	lossless
QIX (USA)	sstitle	40	lossless
Quest for Quintana Roo (USA)	sstitle	40	lossless
RealSports Baseball (USA)	sstitle	40	lossless
RealSports Basketball (USA) (Proto) (1983-12-16)	sstitle	40	lossless
RealSports Football (USA)	sstitle	40	lossless
RealSports Soccer (USA)	sstitle	40	lossless
RealSports Tennis (USA)	sstitle	40	lossless
Rescue on Fractalus! (USA)	lr-titles	40	lossless
Road Runner (USA) (Proto) (1983-06-03)	sstitle	40	lossless
Robotron 2084 (USA)	sstitle	40	lossless
Space Dungeon (USA)	sstitle	40	lossless
Space Invaders (USA)	sstitle	40	lossless
Space Shuttle - A Journey Into Space (USA)	sstitle	40	lossless
Spitfire (USA) (Proto) (1983-11-03)	sstitle	40	lossless
Sport Goofy (USA) (Proto) (1983-04-11)	sstitle	40	lossless
Star Raiders (USA)	sstitle	40	lossless
Star Trek - Strategic Operations Simulator (USA)	sstitle	40	lossless
Star Wars - Return of the Jedi - Death Star Battle (USA)	sstitle	40	lossless
Star Wars - The Arcade Game (USA)	sstitle	40	lossless
Stargate (USA) (Proto 3) (1984-01-05)	sstitle	40	lossless
Super Breakout (USA)	sstitle	40	lossless
Super Cobra (USA)	sstitle	40	lossless
Super Pac-Man (USA) (Proto) (Final)	sstitle	40	lossless
Tempest (USA) (AtariAge)	sstitle	40	lossless
Track and Field (USA) (Proto) (1984-05-10)	sstitle	40	lossless
Vanguard (USA)	sstitle	40	lossless
Wizard of Wor (USA)	sstitle	40	lossless
Xari Arena (USA) (Proto) (1983-09-20)	sstitle	40	lossless
Xevious (USA) (Proto) (1984-01-04)	sstitle	40	lossless
Zaxxon (USA)	sstitle	40	lossless
Zenji (USA)	sstitle	40	lossless
Zone Ranger (USA)	sstitle	40	lossless
